candidate_id,image_name,image_path,crop_path,class_id,confidence,x1,y1,x2,y2
husky_000__000,husky_000.jpg,data/test/images/husky_000.jpg,results/phase4_hybrid/phase4_local/candidates/crops/husky_000__000.jpg,0,0.89404296875,87.65624237060547,234.84373474121094,424.2187194824219,557.8124389648438
husky_000__001,husky_000.jpg,data/test/images/husky_000.jpg,results/phase4_hybrid/phase4_local/candidates/crops/husky_000__001.jpg,0,0.69091796875,24.374998092651367,16.406248092651367,311.9530944824219,527.8124389648438
husky_003__000,husky_003.jpg,data/test/images/husky_003.jpg,results/phase4_hybrid/phase4_local/candidates/crops/husky_003__000.jpg,0,0.9189453125,267.7359313964844,91.4671859741211,405.1218566894531,296.0
husky_003__001,husky_003.jpg,data/test/images/husky_003.jpg,results/phase4_hybrid/phase4_local/candidates/crops/husky_003__001.jpg,0,0.9150390625,0.8332030773162842,107.85350799560547,132.10897827148438,295.8796691894531
husky_003__002,husky_003.jpg,data/test/images/husky_003.jpg,results/phase4_hybrid/phase4_local/candidates/crops/husky_003__002.jpg,0,0.9072265625,109.61249542236328,109.0570297241211,213.85545349121094,296.0
husky_003__003,husky_003.jpg,data/test/images/husky_003.jpg,results/phase4_hybrid/phase4_local/candidates/crops/husky_003__003.jpg,0,0.90185546875,368.83123779296875,77.765625,473.9999694824219,296.0
husky_003__004,husky_003.jpg,data/test/images/husky_003.jpg,results/phase4_hybrid/phase4_local/candidates/crops/husky_003__004.jpg,0,0.8828125,172.38046264648438,62.58280944824219,293.47265625,296.0
husky_004__000,husky_004.jpg,data/test/images/husky_004.jpg,results/phase4_hybrid/phase4_local/candidates/crops/husky_004__000.jpg,0,0.86181640625,201.5,239.0,405.0,362.5
husky_004__001,husky_004.jpg,data/test/images/husky_004.jpg,results/phase4_hybrid/phase4_local/candidates/crops/husky_004__001.jpg,0,0.8173828125,20.4375,312.0,236.0,477.0
husky_004__002,husky_004.jpg,data/test/images/husky_004.jpg,results/phase4_hybrid/phase4_local/candidates/crops/husky_004__002.jpg,0,0.787109375,121.1875,125.0625,249.75,194.5
husky_004__003,husky_004.jpg,data/test/images/husky_004.jpg,results/phase4_hybrid/phase4_local/candidates/crops/husky_004__003.jpg,0,0.420654296875,203.875,151.75,477.0,342.25
husky_011__000,husky_011.jpg,data/test/images/husky_011.jpg,results/phase4_hybrid/phase4_local/candidates/crops/husky_011__000.jpg,0,0.908203125,51.114845275878906,46.61250305175781,413.1562805175781,393.02813720703125
husky_011__001,husky_011.jpg,data/test/images/husky_011.jpg,results/phase4_hybrid/phase4_local/candidates/crops/husky_011__001.jpg,0,0.82861328125,374.48907470703125,110.96953582763672,602.784423828125,311.9859619140625
husky_013__000,husky_013.jpg,data/test/images/husky_013.jpg,results/phase4_hybrid/phase4_local/candidates/crops/husky_013__000.jpg,0,0.6083984375,185.02732849121094,46.310935974121094,430.4320068359375,546.6421508789062
husky_013__001,husky_013.jpg,data/test/images/husky_013.jpg,results/phase4_hybrid/phase4_local/candidates/crops/husky_013__001.jpg,0,0.3896484375,61.675777435302734,28.132810592651367,303.1851501464844,539.7171630859375
husky_014__000,husky_014.jpg,data/test/images/husky_014.jpg,results/phase4_hybrid/phase4_local/candidates/crops/husky_014__000.jpg,0,0.90576171875,236.62966918945312,108.87187194824219,471.40777587890625,378.8296813964844
husky_014__001,husky_014.jpg,data/test/images/husky_014.jpg,results/phase4_hybrid/phase4_local/candidates/crops/husky_014__001.jpg,0,0.8681640625,46.65937423706055,96.28124237060547,201.82029724121094,379.0
husky_014__002,husky_014.jpg,data/test/images/husky_014.jpg,results/phase4_hybrid/phase4_local/candidates/crops/husky_014__002.jpg,0,0.86474609375,128.12811279296875,129.2390594482422,302.5452880859375,379.0
husky_017__000,husky_017.jpg,data/test/images/husky_017.jpg,results/phase4_hybrid/phase4_local/candidates/crops/husky_017__000.jpg,0,0.86376953125,89.58984375,19.443359375,255.234375,183.0
husky_017__001,husky_017.jpg,data/test/images/husky_017.jpg,results/phase4_hybrid/phase4_local/candidates/crops/husky_017__001.jpg,0,0.57275390625,52.71728515625,4.619140625,115.478515625,181.435546875
husky_025__000,husky_025.jpg,data/test/images/husky_025.jpg,results/phase4_hybrid/phase4_local/candidates/crops/husky_025__000.jpg,0,0.93505859375,1.4375001192092896,328.32501220703125,183.13751220703125,552.5750732421875
husky_025__001,husky_025.jpg,data/test/images/husky_025.jpg,results/phase4_hybrid/phase4_local/candidates/crops/husky_025__001.jpg,0,0.90380859375,564.0750732421875,92.00000762939453,736.0,560.050048828125
husky_025__002,husky_025.jpg,data/test/images/husky_025.jpg,results/phase4_hybrid/phase4_local/candidates/crops/husky_025__002.jpg,0,0.88134765625,266.51251220703125,239.34376525878906,452.237548828125,552.0000610351562
husky_025__003,husky_025.jpg,data/test/images/husky_025.jpg,results/phase4_hybrid/phase4_local/candidates/crops/husky_025__003.jpg,0,0.87353515625,396.1750183105469,59.943756103515625,630.7750244140625,560.050048828125
husky_025__004,husky_025.jpg,data/test/images/husky_025.jpg,results/phase4_hybrid/phase4_local/candidates/crops/husky_025__004.jpg,0,0.86669921875,107.88438415527344,171.3500213623047,322.28753662109375,531.300048828125
husky_027__000,husky_027.jpg,data/test/images/husky_027.jpg,results/phase4_hybrid/phase4_local/candidates/crops/husky_027__000.jpg,0,0.89794921875,740.0,263.75,1204.0,806.0
husky_027__001,husky_027.jpg,data/test/images/husky_027.jpg,results/phase4_hybrid/phase4_local/candidates/crops/husky_027__001.jpg,0,0.86181640625,321.0,260.75,612.0,765.0
husky_027__002,husky_027.jpg,data/test/images/husky_027.jpg,results/phase4_hybrid/phase4_local/candidates/crops/husky_027__002.jpg,0,0.85498046875,149.5,36.5,547.0,443.5
husky_027__003,husky_027.jpg,data/test/images/husky_027.jpg,results/phase4_hybrid/phase4_local/candidates/crops/husky_027__003.jpg,0,0.80322265625,675.0,172.5,845.0,511.0
husky_028__000,husky_028.jpg,data/test/images/husky_028.jpg,results/phase4_hybrid/phase4_local/candidates/crops/husky_028__000.jpg,0,0.85400390625,395.0,0.0,1280.0,720.0
husky_028__001,husky_028.jpg,data/test/images/husky_028.jpg,results/phase4_hybrid/phase4_local/candidates/crops/husky_028__001.jpg,0,0.77392578125,0.0,60.5,291.75,431.5
husky_028__002,husky_028.jpg,data/test/images/husky_028.jpg,results/phase4_hybrid/phase4_local/candidates/crops/husky_028__002.jpg,0,0.53125,182.0,51.5,718.5,582.5
husky_029__000,husky_029.jpg,data/test/images/husky_029.jpg,results/phase4_hybrid/phase4_local/candidates/crops/husky_029__000.jpg,0,0.8759765625,74.875,352.0,578.0,785.0
husky_029__001,husky_029.jpg,data/test/images/husky_029.jpg,results/phase4_hybrid/phase4_local/candidates/crops/husky_029__001.jpg,0,0.80859375,697.0,356.0,1162.0,757.0
husky_029__002,husky_029.jpg,data/test/images/husky_029.jpg,results/phase4_hybrid/phase4_local/candidates/crops/husky_029__002.jpg,0,0.5361328125,1176.0,261.5,1280.0,620.5
husky_029__003,husky_029.jpg,data/test/images/husky_029.jpg,results/phase4_hybrid/phase4_local/candidates/crops/husky_029__003.jpg,0,0.1795654296875,496.5,277.75,759.5,720.0
husky_031__000,husky_031.jpg,data/test/images/husky_031.jpg,results/phase4_hybrid/phase4_local/candidates/crops/husky_031__000.jpg,0,0.91357421875,13.049999237060547,30.149999618530273,266.3999938964844,384.0
husky_031__001,husky_031.jpg,data/test/images/husky_031.jpg,results/phase4_hybrid/phase4_local/candidates/crops/husky_031__001.jpg,0,0.87890625,264.1499938964844,60.52499771118164,491.8499755859375,384.0
husky_035__000,husky_035.jpg,data/test/images/husky_035.jpg,results/phase4_hybrid/phase4_local/candidates/crops/husky_035__000.jpg,0,0.92138671875,24.87568473815918,151.05235290527344,376.4320373535156,850.3687744140625
husky_035__001,husky_035.jpg,data/test/images/husky_035.jpg,results/phase4_hybrid/phase4_local/candidates/crops/husky_035__001.jpg,0,0.794921875,291.1154479980469,148.8544921875,652.1625366210938,882.3375244140625
husky_053__000,husky_053.jpg,data/test/images/husky_053.jpg,results/phase4_hybrid/phase4_local/candidates/crops/husky_053__000.jpg,0,0.73876953125,20.0,0.0,957.5,650.5
husky_053__001,husky_053.jpg,data/test/images/husky_053.jpg,results/phase4_hybrid/phase4_local/candidates/crops/husky_053__001.jpg,0,0.71484375,401.0,25.0,1223.0,793.0
husky_053__002,husky_053.jpg,data/test/images/husky_053.jpg,results/phase4_hybrid/phase4_local/candidates/crops/husky_053__002.jpg,0,0.21142578125,872.0,101.0,1280.0,800.0
husky_053__003,husky_053.jpg,data/test/images/husky_053.jpg,results/phase4_hybrid/phase4_local/candidates/crops/husky_053__003.jpg,0,0.1727294921875,1138.0,91.0,1280.0,800.0
husky_054__000,husky_054.jpg,data/test/images/husky_054.jpg,results/phase4_hybrid/phase4_local/candidates/crops/husky_054__000.jpg,0,0.9072265625,287.109375,65.0390625,419.140625,258.59375
husky_054__001,husky_054.jpg,data/test/images/husky_054.jpg,results/phase4_hybrid/phase4_local/candidates/crops/husky_054__001.jpg,0,0.90185546875,214.453125,37.109375,325.78125,257.03125
husky_054__002,husky_054.jpg,data/test/images/husky_054.jpg,results/phase4_hybrid/phase4_local/candidates/crops/husky_054__002.jpg,0,0.8798828125,113.4765625,50.390625,245.5078125,262.109375
husky_054__003,husky_054.jpg,data/test/images/husky_054.jpg,results/phase4_hybrid/phase4_local/candidates/crops/husky_054__003.jpg,0,0.681640625,61.5234375,29.345703125,156.8359375,194.921875
husky_057__000,husky_057.jpg,data/test/images/husky_057.jpg,results/phase4_hybrid/phase4_local/candidates/crops/husky_057__000.jpg,0,0.923828125,293.5687255859375,117.37968444824219,408.3187255859375,286.63592529296875
husky_057__001,husky_057.jpg,data/test/images/husky_057.jpg,results/phase4_hybrid/phase4_local/candidates/crops/husky_057__001.jpg,0,0.9033203125,179.65545654296875,4.422656059265137,336.5999755859375,166.62655639648438
husky_064__000,husky_064.jpg,data/test/images/husky_064.jpg,results/phase4_hybrid/phase4_local/candidates/crops/husky_064__000.jpg,0,0.88330078125,503.75,76.0,1122.0,695.0
husky_064__001,husky_064.jpg,data/test/images/husky_064.jpg,results/phase4_hybrid/phase4_local/candidates/crops/husky_064__001.jpg,0,0.72021484375,159.0,292.0,866.0,717.0
husky_064__002,husky_064.jpg,data/test/images/husky_064.jpg,results/phase4_hybrid/phase4_local/candidates/crops/husky_064__002.jpg,0,0.5185546875,161.5,79.5,604.0,598.0
husky_064__003,husky_064.jpg,data/test/images/husky_064.jpg,results/phase4_hybrid/phase4_local/candidates/crops/husky_064__003.jpg,0,0.161376953125,160.25,382.5,471.25,711.5
husky_069__000,husky_069.jpg,data/test/images/husky_069.jpg,results/phase4_hybrid/phase4_local/candidates/crops/husky_069__000.jpg,0,0.82861328125,0.0,26.2470703125,104.689453125,220.734375
husky_069__001,husky_069.jpg,data/test/images/husky_069.jpg,results/phase4_hybrid/phase4_local/candidates/crops/husky_069__001.jpg,0,0.80078125,93.9814453125,25.69921875,197.0,219.140625
husky_071__000,husky_071.jpg,data/test/images/husky_071.jpg,results/phase4_hybrid/phase4_local/candidates/crops/husky_071__000.jpg,0,0.83837890625,18.93310546875,3.330078125,125.46875,181.97265625
husky_071__001,husky_071.jpg,data/test/images/husky_071.jpg,results/phase4_hybrid/phase4_local/candidates/crops/husky_071__001.jpg,0,0.67822265625,114.296875,9.990234375,210.546875,175.205078125
husky_075__000,husky_075.jpg,data/test/images/husky_075.jpg,results/phase4_hybrid/phase4_local/candidates/crops/husky_075__000.jpg,0,0.859375,126.865234375,17.83203125,190.888671875,150.390625
husky_075__001,husky_075.jpg,data/test/images/husky_075.jpg,results/phase4_hybrid/phase4_local/candidates/crops/husky_075__001.jpg,0,0.8427734375,169.296875,22.34375,256.5234375,165.4296875
husky_075__002,husky_075.jpg,data/test/images/husky_075.jpg,results/phase4_hybrid/phase4_local/candidates/crops/husky_075__002.jpg,0,0.82666015625,0.64453125,17.509765625,92.8125,174.345703125
husky_075__003,husky_075.jpg,data/test/images/husky_075.jpg,results/phase4_hybrid/phase4_local/candidates/crops/husky_075__003.jpg,0,0.751953125,95.1220703125,18.798828125,151.03515625,152.431640625
husky_075__004,husky_075.jpg,data/test/images/husky_075.jpg,results/phase4_hybrid/phase4_local/candidates/crops/husky_075__004.jpg,0,0.521484375,74.12109375,18.4765625,129.55078125,152.001953125
husky_077__000,husky_077.jpg,data/test/images/husky_077.jpg,results/phase4_hybrid/phase4_local/candidates/crops/husky_077__000.jpg,0,0.9462890625,159.5929718017578,82.24102020263672,321.9797058105469,337.869140625
husky_077__001,husky_077.jpg,data/test/images/husky_077.jpg,results/phase4_hybrid/phase4_local/candidates/crops/husky_077__001.jpg,0,0.927734375,1.5714844465255737,41.90625,181.59375,363.1875
husky_077__002,husky_077.jpg,data/test/images/husky_077.jpg,results/phase4_hybrid/phase4_local/candidates/crops/husky_077__002.jpg,0,0.927734375,296.13751220703125,77.1773452758789,444.2062683105469,346.77423095703125
husky_081__000,husky_081.jpg,data/test/images/husky_081.jpg,results/phase4_hybrid/phase4_local/candidates/crops/husky_081__000.jpg,0,0.91064453125,134.99998474121094,28.945310592651367,206.24998474121094,157.61717224121094
husky_081__001,husky_081.jpg,data/test/images/husky_081.jpg,results/phase4_hybrid/phase4_local/candidates/crops/husky_081__001.jpg,0,0.841796875,85.19530487060547,19.570310592651367,156.44529724121094,161.01560974121094
husky_084__000,husky_084.jpg,data/test/images/husky_084.jpg,results/phase4_hybrid/phase4_local/candidates/crops/husky_084__000.jpg,0,0.65380859375,0.0,0.0,187.59375,182.0
husky_084__001,husky_084.jpg,data/test/images/husky_084.jpg,results/phase4_hybrid/phase4_local/candidates/crops/husky_084__001.jpg,0,0.537109375,126.5718765258789,0.0,254.6531219482422,180.3703155517578
husky_084__002,husky_084.jpg,data/test/images/husky_084.jpg,results/phase4_hybrid/phase4_local/candidates/crops/husky_084__002.jpg,0,0.277099609375,0.32343751192092896,0.0,85.92656707763672,180.2624969482422
husky_086__000,husky_086.jpg,data/test/images/husky_086.jpg,results/phase4_hybrid/phase4_local/candidates/crops/husky_086__000.jpg,0,0.8974609375,0.0,3.115234375,147.060546875,183.0
husky_086__001,husky_086.jpg,data/test/images/husky_086.jpg,results/phase4_hybrid/phase4_local/candidates/crops/husky_086__001.jpg,0,0.63427734375,136.640625,32.333984375,259.53125,183.0
husky_088__000,husky_088.jpg,data/test/images/husky_088.jpg,results/phase4_hybrid/phase4_local/candidates/crops/husky_088__000.jpg,0,0.9072265625,66.02460479736328,98.66297912597656,204.27029418945312,312.3882751464844
husky_088__001,husky_088.jpg,data/test/images/husky_088.jpg,results/phase4_hybrid/phase4_local/candidates/crops/husky_088__001.jpg,0,0.89306640625,179.6980438232422,131.408203125,295.9355163574219,300.6363220214844
husky_088__002,husky_088.jpg,data/test/images/husky_088.jpg,results/phase4_hybrid/phase4_local/candidates/crops/husky_088__002.jpg,0,0.8525390625,263.67108154296875,112.39140319824219,385.8913879394531,299.7816162109375
husky_088__003,husky_088.jpg,data/test/images/husky_088.jpg,results/phase4_hybrid/phase4_local/candidates/crops/husky_088__003.jpg,0,0.8408203125,352.5585632324219,177.66815185546875,506.4023132324219,299.1405944824219
husky_089__000,husky_089.jpg,data/test/images/husky_089.jpg,results/phase4_hybrid/phase4_local/candidates/crops/husky_089__000.jpg,0,0.82666015625,152.2312469482422,8.840624809265137,275.13751220703125,183.0
husky_089__001,husky_089.jpg,data/test/images/husky_089.jpg,results/phase4_hybrid/phase4_local/candidates/crops/husky_089__001.jpg,0,0.5029296875,80.2125015258789,42.42422103881836,218.42813110351562,182.63438415527344
husky_093__000,husky_093.jpg,data/test/images/husky_093.jpg,results/phase4_hybrid/phase4_local/candidates/crops/husky_093__000.jpg,0,0.9228515625,325.5,93.0,485.5,387.0
husky_093__001,husky_093.jpg,data/test/images/husky_093.jpg,results/phase4_hybrid/phase4_local/candidates/crops/husky_093__001.jpg,0,0.90966796875,112.75,97.25,293.0,377.5
husky_094__000,husky_094.jpg,data/test/images/husky_094.jpg,results/phase4_hybrid/phase4_local/candidates/crops/husky_094__000.jpg,0,0.9287109375,533.59375,26.171875,859.375,590.625
husky_094__001,husky_094.jpg,data/test/images/husky_094.jpg,results/phase4_hybrid/phase4_local/candidates/crops/husky_094__001.jpg,0,0.82568359375,181.25,208.59375,603.90625,640.625
husky_095__000,husky_095.jpg,data/test/images/husky_095.jpg,results/phase4_hybrid/phase4_local/candidates/crops/husky_095__000.jpg,0,0.8505859375,192.75,134.0,883.0,1176.0
husky_095__001,husky_095.jpg,data/test/images/husky_095.jpg,results/phase4_hybrid/phase4_local/candidates/crops/husky_095__001.jpg,0,0.66015625,618.0,45.0,1098.0,1041.0
husky_097__000,husky_097.jpg,data/test/images/husky_097.jpg,results/phase4_hybrid/phase4_local/candidates/crops/husky_097__000.jpg,0,0.84130859375,277.0,26.0,922.0,960.0
husky_097__001,husky_097.jpg,data/test/images/husky_097.jpg,results/phase4_hybrid/phase4_local/candidates/crops/husky_097__001.jpg,0,0.50390625,590.0,6.0,953.0,875.0
